{
  "P_u": 101325.0,
  "S_L": 2.314445768015549,
  "T_b": 2496.1141219938336,
  "T_u": 300.0,
  "alpha_u": 4.430115428502487e-05,
  "cp_u": 810.1638130844448,
  "delta_T": 0.00040309936067689777,
  "delta_alpha": 1.9141150290598317e-05,
  "fuel": "H2",
  "grid_points": 144,
  "lambda_u": 0.042970067124435046,
  "mechanism": "h2o2.yaml",
  "oxidizer": "O2:1.0, AR:5.0",
  "phi": 1.0,
  "rho_u": 1.1972315388449,
  "transport_model": "mixture-averaged",
  "width": 0.03
}