{
  "dx": 0.02454369260617026,
  "dy": 0.02454369260617026,
  "integral_length_scale_mean": 0.4161369017524392,
  "integral_length_scale_x": 0.36383050285288404,
  "integral_length_scale_y": 0.46844330065199435,
  "mean_u": 1.1514990805837344e-07,
  "mean_v": -9.361898006296111e-07,
  "tke_2d": 0.00019227619444373188,
  "uprime_component_rms": 0.01386636918748855,
  "uprime_planar_rms": 0.019610007365818704
}